<?xml version="1.0" encoding="UTF-8" ?>
<!DOCTYPE mapper PUBLIC "-//mybatis.org//DTD Mapper 3.0//EN" "http://mybatis.org/dtd/mybatis-3-mapper.dtd" >
<mapper namespace="com.soft1851.article.mapper.ArticleMapper" >
    <resultMap id="BaseResultMap" type="com.soft1851.pojo.Article" >
        <!--
          WARNING - @mbg.generated
        -->
        <id column="id" property="id" jdbcType="VARCHAR" />
        <result column="title" property="title" jdbcType="VARCHAR" />
        <result column="category_id" property="categoryId" jdbcType="INTEGER" />
        <result column="article_type" property="articleType" jdbcType="INTEGER" />
        <result column="article_cover" property="articleCover" jdbcType="VARCHAR" />
        <result column="is_appoint" property="isAppoint" jdbcType="INTEGER" />
        <result column="article_status" property="articleStatus" jdbcType="INTEGER" />
        <result column="publish_user_id" property="publishUserId" jdbcType="VARCHAR" />
        <result column="publish_time" property="publishTime" jdbcType="TIMESTAMP" />
        <result column="read_counts" property="readCounts" jdbcType="INTEGER" />
        <result column="comment_counts" property="commentCounts" jdbcType="INTEGER" />
        <result column="mongo_file_id" property="mongoFileId" jdbcType="VARCHAR" />
        <result column="is_delete" property="isDelete" jdbcType="INTEGER" />
        <result column="create_time" property="createTime" jdbcType="TIMESTAMP" />
        <result column="update_time" property="updateTime" jdbcType="TIMESTAMP" />
        <result column="content" property="content" jdbcType="LONGVARCHAR" />
    </resultMap>
</mapper>