<?xml version="1.0" encoding="UTF-8"?>
<!DOCTYPE generatorConfiguration
        PUBLIC "-//mybatis.org//DTD MyBatis Generator Configuration 1.0//EN"
        "http://mybatis.org/dtd/mybatis-generator-config_1_0.dtd">

<generatorConfiguration>
    <context id="MysqlContext" targetRuntime="MyBatis3Simple" defaultModelType="flat">
        <property name="beginningDelimiter" value="`"/>
        <property name="endingDelimiter" value="`"/>

        <!-- 通用mapper所在目录 -->
        <plugin type="tk.mybatis.mapper.generator.MapperPlugin">
            <property name="mappers" value="com.soft1851.my.mapper.MyMapper"/>
        </plugin>

        <jdbcConnection driverClass="com.mysql.cj.jdbc.Driver"
                        connectionURL="jdbc:mysql://localhost:3306/soft-news?useUnide=true;characterEncoding=UTF-8;useSSL=false;autoReconnect=true;allowPublicKeyRetrieval=true;serverTimezone=Asia/Shanghai"
                        userId="root"
                        password="root">
        </jdbcConnection>

        <!-- 对应生成的pojo所在包 -->
        <javaModelGenerator targetPackage="com.soft1851.pojo" targetProject="mybatis-generator-database/src/main/java"/>

		<!-- 对应生成的mapper所在目录 -->
        <sqlMapGenerator targetPackage="mapper.admin" targetProject="mybatis-generator-database/src/main/resources"/>

		<!-- 配置mapper对应的java映射 -->
        <javaClientGenerator targetPackage="com.soft1851.admin.mapper" targetProject="mybatis-generator-database/src/main/java" type="XMLMAPPER"/>

        <!-- 数据库表 -->
        <table tableName="admin_user"></table>

    </context>
</generatorConfiguration>