<?xml version="1.0" encoding="UTF-8" ?>
<!DOCTYPE mapper PUBLIC "-//mybatis.org//DTD Mapper 3.0//EN" "http://mybatis.org/dtd/mybatis-3-mapper.dtd" >
<mapper namespace="com.soft1851.admin.mapper.AdminUserMapper" >
  <resultMap id="BaseResultMap" type="com.soft1851.pojo.AdminUser" >
    <!--
      WARNING - @mbg.generated
    -->
    <id column="id" property="id" jdbcType="VARCHAR" />
    <result column="username" property="username" jdbcType="VARCHAR" />
    <result column="password" property="password" jdbcType="VARCHAR" />
    <result column="face_id" property="faceId" jdbcType="VARCHAR" />
    <result column="admin_name" property="adminName" jdbcType="VARCHAR" />
    <result column="created_time" property="createdTime" jdbcType="TIMESTAMP" />
    <result column="updated_time" property="updatedTime" jdbcType="TIMESTAMP" />
  </resultMap>
</mapper>