<?xml version="1.0" encoding="UTF-8" ?>
<!DOCTYPE mapper PUBLIC "-//mybatis.org//DTD Mapper 3.0//EN" "http://mybatis.org/dtd/mybatis-3-mapper.dtd" >
<mapper namespace="com.soft1851.article.mapper.CommentsMapper" >
  <resultMap id="BaseResultMap" type="com.soft1851.pojo.Comments" >
    <!--
      WARNING - @mbg.generated
    -->
    <id column="id" property="id" jdbcType="VARCHAR" />
    <result column="writer_id" property="writerId" jdbcType="VARCHAR" />
    <result column="father_id" property="fatherId" jdbcType="VARCHAR" />
    <result column="article_id" property="articleId" jdbcType="VARCHAR" />
    <result column="article_title" property="articleTitle" jdbcType="VARCHAR" />
    <result column="article_cover" property="articleCover" jdbcType="VARCHAR" />
    <result column="comment_user_id" property="commentUserId" jdbcType="VARCHAR" />
    <result column="comment_user_nickname" property="commentUserNickname" jdbcType="VARCHAR" />
    <result column="comment_user_face" property="commentUserFace" jdbcType="VARCHAR" />
    <result column="content" property="content" jdbcType="VARCHAR" />
    <result column="create_time" property="createTime" jdbcType="TIMESTAMP" />
  </resultMap>
</mapper>