<?xml version="1.0" encoding="UTF-8" ?>
<!DOCTYPE mapper PUBLIC "-//mybatis.org//DTD Mapper 3.0//EN" "http://mybatis.org/dtd/mybatis-3-mapper.dtd" >
<mapper namespace="com.soft1851.user.mapper.AppUserMapper" >
  <resultMap id="BaseResultMap" type="com.soft1851.pojo.AppUser" >
    <!--
      WARNING - @mbg.generated
    -->
    <id column="id" property="id" jdbcType="VARCHAR" />
    <result column="mobile" property="mobile" jdbcType="VARCHAR" />
    <result column="nickname" property="nickname" jdbcType="VARCHAR" />
    <result column="face" property="face" jdbcType="VARCHAR" />
    <result column="realname" property="realname" jdbcType="VARCHAR" />
    <result column="email" property="email" jdbcType="VARCHAR" />
    <result column="sex" property="sex" jdbcType="INTEGER" />
    <result column="birthday" property="birthday" jdbcType="DATE" />
    <result column="province" property="province" jdbcType="VARCHAR" />
    <result column="city" property="city" jdbcType="VARCHAR" />
    <result column="district" property="district" jdbcType="VARCHAR" />
    <result column="active_status" property="activeStatus" jdbcType="INTEGER" />
    <result column="total_income" property="totalIncome" jdbcType="INTEGER" />
    <result column="created_time" property="createdTime" jdbcType="TIMESTAMP" />
    <result column="updated_time" property="updatedTime" jdbcType="TIMESTAMP" />
  </resultMap>
</mapper>